<?xml version="1.0" encoding="UTF-8"?>
<project-private xmlns="http://www.netbeans.org/ns/project-private/1">
    <editor-bookmarks xmlns="http://www.netbeans.org/ns/editor-bookmarks/2" lastBookmarkId="0"/>
    <open-files xmlns="http://www.netbeans.org/ns/projectui-open-files/2">
        <group>
            <file>file:/E:/Login_Systems/src/Home/Bill_Room.java</file>
            <file>file:/E:/Login_Systems/src/Home/Reception_portal.java</file>
            <file>file:/E:/Login_Systems/src/login/Dashboad.java</file>
        </group>
    </open-files>
</project-private>
